"","treatment","mean_emission","N_plot","se_emission"
"1","Burn",87.1025686603636,55,5.62274877575348
"2","MechBurn",87.5887390910417,48,5.05962369350158
