"","treatment","N_plot","mean_wood_removal","se_wood_removal"
"1","mech",46,41.8494196790652,5.80074892193253
"2","mechburn",48,21.8938389411042,4.3033781018386
